{
  "best_model_name": "RandomForest",
  "test_metrics": {
    "accuracy": 0.8905555555555555,
    "f1": 0.7555831265508685,
    "roc_auc": 0.9261519146264909
  },
  "best_params": {
    "max_depth": null,
    "min_samples_leaf": 1,
    "n_estimators": 100
  }
}