{
  "Dummy": {
    "accuracy": 0.7375,
    "f1": 0.0,
    "roc_auc": 0.5
  },
  "LogisticRegression": {
    "accuracy": 0.8119444444444445,
    "f1": 0.5606748864373783,
    "roc_auc": 0.7976914875596609
  },
  "DecisionTree": {
    "accuracy": 0.8383333333333334,
    "f1": 0.6576470588235294,
    "roc_auc": 0.8371031995137457
  },
  "RandomForest": {
    "accuracy": 0.8905555555555555,
    "f1": 0.7555831265508685,
    "roc_auc": 0.9261519146264909
  },
  "Boosting": {
    "accuracy": 0.8688888888888889,
    "f1": 0.7075588599752168,
    "roc_auc": 0.8961635727737424,
    "impl": "GradientBoostingClassifier"
  }
}